{
  "linear_model": {
    "mae": 1.1056,
    "rmse": 1.2907,
    "r2": 0.947,
    "trained_at": "2026-04-02",
    "coefficients": [
      0.00042907130670169524,
      0.0010760211353706885,
      -0.0020822199599447944,
      -0.0019516911191868533,
      -9.450712533279684e-05,
      -0.0009023728957993152,
      0.0016698275260129576,
      -2.1745699357124393e-05,
      -0.195469442379348,
      -0.1704069514933754,
      -0.24717201924638055,
      -0.07522827897583792,
      -0.025956603939502935,
      0.018597034501131413,
      0.21556668356002107,
      -0.08738774062433197,
      0.012710729109369129,
      -0.03196635743236788,
      0.10206295768918637,
      0.19630759205730716,
      -0.17666031008582472,
      0.10000012469052479,
      0.040601061638480485,
      -0.23111517250763258,
      0.01411524231712188,
      0.0055184011629274,
      0.005874069779773575,
      -0.004871389086584372,
      0.01796214903967491,
      0.007352917244324728,
      0.011202760624727612,
      -0.03740595446168263,
      0.0673511798164163,
      0.08517480290120134,
      0.14665660129634506,
      0.02668743899869569,
      0.17676040914697547,
      0.005423589924138605,
      0.09808176577905925,
      0.0001743138329951266,
      0.0011124430454409612,
      -0.0003410596936250232,
      -3.0855887685588e-05,
      -0.00010295866073391224,
      -2.8117680097694553e-05,
      0.0004339861709863335,
      0.0007338974792984801,
      0.0157870465201487,
      0.002749304564154398,
      -0.00830261580675161,
      0.01652108590207132,
      0.031008790175386686,
      -0.012622929244893333,
      0.0004145592101059657,
      -0.021471361478121228,
      -0.001032837009213916,
      -0.4011632074795525,
      -0.5836811969340348,
      0.5077633443273364,
      -0.06604499421730899,
      0.07174867331785009,
      0.04413688767372432,
      -0.027556473930038537,
      0.012437753905961704,
      -0.06390914085778099
    ],
    "features": [
      "cloud_cover_badajoz",
      "cloud_cover_c_real",
      "cloud_cover_cadiz",
      "cloud_cover_cordoba",
      "cloud_cover_huelva",
      "cloud_cover_lisbon",
      "cloud_cover_malaga",
      "cloud_cover_seville",
      "precipitation_badajoz",
      "precipitation_c_real",
      "precipitation_cadiz",
      "precipitation_cordoba",
      "precipitation_huelva",
      "precipitation_lisbon",
      "precipitation_malaga",
      "precipitation_seville",
      "pressure_msl_badajoz",
      "pressure_msl_c_real",
      "pressure_msl_cadiz",
      "pressure_msl_cordoba",
      "pressure_msl_huelva",
      "pressure_msl_lisbon",
      "pressure_msl_malaga",
      "pressure_msl_seville",
      "relative_humidity_2m_badajoz",
      "relative_humidity_2m_c_real",
      "relative_humidity_2m_cadiz",
      "relative_humidity_2m_cordoba",
      "relative_humidity_2m_huelva",
      "relative_humidity_2m_lisbon",
      "relative_humidity_2m_malaga",
      "relative_humidity_2m_seville",
      "temperature_2m_badajoz",
      "temperature_2m_c_real",
      "temperature_2m_cadiz",
      "temperature_2m_cordoba",
      "temperature_2m_huelva",
      "temperature_2m_lisbon",
      "temperature_2m_malaga",
      "wind_direction_10m_badajoz",
      "wind_direction_10m_c_real",
      "wind_direction_10m_cadiz",
      "wind_direction_10m_cordoba",
      "wind_direction_10m_huelva",
      "wind_direction_10m_lisbon",
      "wind_direction_10m_malaga",
      "wind_direction_10m_seville",
      "wind_speed_10m_badajoz",
      "wind_speed_10m_c_real",
      "wind_speed_10m_cadiz",
      "wind_speed_10m_cordoba",
      "wind_speed_10m_huelva",
      "wind_speed_10m_lisbon",
      "wind_speed_10m_malaga",
      "wind_speed_10m_seville",
      "hour",
      "sin_hour",
      "cos_hour",
      "temp_lag_1h",
      "temp_lag_3h",
      "temp_lag_6h",
      "temp_lag_12h",
      "temp_lag_24h",
      "temp_rolling_mean_6h",
      "temp_rolling_mean_24h"
    ]
  }
}