{
  "linear_model": {
    "mae": 0.8267,
    "rmse": 0.9681,
    "r2": 0.9584,
    "trained_at": "2026-04-04",
    "importance": [
      0.0005776205162144741,
      0.0005035849973809119,
      -0.0013911794202925835,
      -0.0024729184782989492,
      0.0007882435121760387,
      0.0010587150860393874,
      0.0005387990996364557,
      -0.0006113998259910242,
      -0.09994483319002229,
      -0.24122411263422064,
      0.8392792732487017,
      -0.2510765334964432,
      -0.7097817968292808,
      0.21788786513793673,
      -0.09388674016500803,
      -0.19616161038567337,
      0.0325769408036882,
      0.011673550477818286,
      0.035906292679840635,
      0.12803013883650244,
      0.33913139642973794,
      0.009651432974499344,
      0.02425107610123491,
      -0.5735236407887926,
      0.014113123297420677,
      -0.00030056240559130955,
      0.011077336620955142,
      0.00999669391009296,
      0.01057205678017245,
      3.07609913459822e-05,
      0.008994398714485735,
      -0.035287859913391215,
      0.046674200728215404,
      0.054744441324339845,
      0.1682694144429958,
      0.10352585838061787,
      0.17028417537779778,
      -0.018734630677005412,
      0.07285480644160386,
      0.00028274331252525764,
      0.0007290167620027377,
      -0.00013873160856195388,
      -1.4231667660125069e-05,
      -3.922486567564665e-05,
      -0.0001464820115779919,
      0.0004702945022851124,
      0.00039685633969011036,
      0.010667880706278415,
      0.01072951799754468,
      -0.0105569570833772,
      0.022912113199392514,
      0.0032376618570303384,
      -0.00667567602099195,
      0.003464942593617487,
      -0.002986078128024622,
      0.00018662880252262593,
      -0.23335413891615758,
      -0.4443921685166857,
      0.5252771336687746,
      -0.02908829332672986,
      0.10657371638972465,
      0.024918444851716626,
      0.002047940469002446,
      -0.09153476072234246,
      -0.08884674223419865
    ],
    "features": [
      "cloud_cover_badajoz",
      "cloud_cover_c_real",
      "cloud_cover_cadiz",
      "cloud_cover_cordoba",
      "cloud_cover_huelva",
      "cloud_cover_lisbon",
      "cloud_cover_malaga",
      "cloud_cover_seville",
      "precipitation_badajoz",
      "precipitation_c_real",
      "precipitation_cadiz",
      "precipitation_cordoba",
      "precipitation_huelva",
      "precipitation_lisbon",
      "precipitation_malaga",
      "precipitation_seville",
      "pressure_msl_badajoz",
      "pressure_msl_c_real",
      "pressure_msl_cadiz",
      "pressure_msl_cordoba",
      "pressure_msl_huelva",
      "pressure_msl_lisbon",
      "pressure_msl_malaga",
      "pressure_msl_seville",
      "relative_humidity_2m_badajoz",
      "relative_humidity_2m_c_real",
      "relative_humidity_2m_cadiz",
      "relative_humidity_2m_cordoba",
      "relative_humidity_2m_huelva",
      "relative_humidity_2m_lisbon",
      "relative_humidity_2m_malaga",
      "relative_humidity_2m_seville",
      "temperature_2m_badajoz",
      "temperature_2m_c_real",
      "temperature_2m_cadiz",
      "temperature_2m_cordoba",
      "temperature_2m_huelva",
      "temperature_2m_lisbon",
      "temperature_2m_malaga",
      "wind_direction_10m_badajoz",
      "wind_direction_10m_c_real",
      "wind_direction_10m_cadiz",
      "wind_direction_10m_cordoba",
      "wind_direction_10m_huelva",
      "wind_direction_10m_lisbon",
      "wind_direction_10m_malaga",
      "wind_direction_10m_seville",
      "wind_speed_10m_badajoz",
      "wind_speed_10m_c_real",
      "wind_speed_10m_cadiz",
      "wind_speed_10m_cordoba",
      "wind_speed_10m_huelva",
      "wind_speed_10m_lisbon",
      "wind_speed_10m_malaga",
      "wind_speed_10m_seville",
      "hour",
      "sin_hour",
      "cos_hour",
      "temp_lag_1h",
      "temp_lag_3h",
      "temp_lag_6h",
      "temp_lag_12h",
      "temp_lag_24h",
      "temp_rolling_mean_6h",
      "temp_rolling_mean_24h"
    ]
  },
  "xgboost_model": {
    "mae": 0.7455,
    "rmse": 0.976,
    "r2": 0.9577,
    "trained_at": "2026-04-04",
    "importance": [
      2.231751750514377e-05,
      0.00012769179011229426,
      3.591484346543439e-05,
      0.0002421856188448146,
      0.0002951107162516564,
      9.666228288551793e-05,
      5.666763900080696e-05,
      0.00023025846167001873,
      1.2388818504405208e-05,
      0.0,
      0.0,
      0.0,
      4.8438865633215755e-05,
      0.0,
      0.0,
      0.0,
      9.40001045819372e-05,
      0.0004202602431178093,
      0.0006088943919166923,
      0.00014134339289739728,
      0.00024331449822057039,
      0.0005881974939256907,
      0.0005665190983563662,
      0.00014824478421360254,
      7.549698784714565e-05,
      0.00015311608149204403,
      0.0005359463975764811,
      0.00010013396968133748,
      0.0006250228616409004,
      0.00011207087663933635,
      0.0006880208966322243,
      0.0039001971017569304,
      0.5987146496772766,
      0.0011481413384899497,
      0.006333998870104551,
      0.091121606528759,
      0.07379554212093353,
      0.02053932100534439,
      0.001804568455554545,
      6.0144935559947044e-05,
      0.0001350510719930753,
      0.00023665823391638696,
      0.00016646174481138587,
      0.0001588002487551421,
      0.0002372900053160265,
      0.0003038155846297741,
      0.00030579022131860256,
      0.00024318552459590137,
      0.0006601053755730391,
      0.00020134558144491166,
      0.0010004875948652625,
      0.00015498058928642422,
      0.0001732042001094669,
      0.0002824140537995845,
      0.0002184367476729676,
      0.0018798132659867406,
      0.0010986385168507695,
      0.00043996862950734794,
      0.1864847093820572,
      0.0002692982379812747,
      7.535541226388887e-05,
      0.00045189991942606866,
      0.0002149130159523338,
      0.000564017565920949,
      0.0003570402041077614
    ],
    "features": [
      "cloud_cover_badajoz",
      "cloud_cover_c_real",
      "cloud_cover_cadiz",
      "cloud_cover_cordoba",
      "cloud_cover_huelva",
      "cloud_cover_lisbon",
      "cloud_cover_malaga",
      "cloud_cover_seville",
      "precipitation_badajoz",
      "precipitation_c_real",
      "precipitation_cadiz",
      "precipitation_cordoba",
      "precipitation_huelva",
      "precipitation_lisbon",
      "precipitation_malaga",
      "precipitation_seville",
      "pressure_msl_badajoz",
      "pressure_msl_c_real",
      "pressure_msl_cadiz",
      "pressure_msl_cordoba",
      "pressure_msl_huelva",
      "pressure_msl_lisbon",
      "pressure_msl_malaga",
      "pressure_msl_seville",
      "relative_humidity_2m_badajoz",
      "relative_humidity_2m_c_real",
      "relative_humidity_2m_cadiz",
      "relative_humidity_2m_cordoba",
      "relative_humidity_2m_huelva",
      "relative_humidity_2m_lisbon",
      "relative_humidity_2m_malaga",
      "relative_humidity_2m_seville",
      "temperature_2m_badajoz",
      "temperature_2m_c_real",
      "temperature_2m_cadiz",
      "temperature_2m_cordoba",
      "temperature_2m_huelva",
      "temperature_2m_lisbon",
      "temperature_2m_malaga",
      "wind_direction_10m_badajoz",
      "wind_direction_10m_c_real",
      "wind_direction_10m_cadiz",
      "wind_direction_10m_cordoba",
      "wind_direction_10m_huelva",
      "wind_direction_10m_lisbon",
      "wind_direction_10m_malaga",
      "wind_direction_10m_seville",
      "wind_speed_10m_badajoz",
      "wind_speed_10m_c_real",
      "wind_speed_10m_cadiz",
      "wind_speed_10m_cordoba",
      "wind_speed_10m_huelva",
      "wind_speed_10m_lisbon",
      "wind_speed_10m_malaga",
      "wind_speed_10m_seville",
      "hour",
      "sin_hour",
      "cos_hour",
      "temp_lag_1h",
      "temp_lag_3h",
      "temp_lag_6h",
      "temp_lag_12h",
      "temp_lag_24h",
      "temp_rolling_mean_6h",
      "temp_rolling_mean_24h"
    ]
  },
  "random_forest_model": {
    "mae": 1.1314,
    "rmse": 1.3707,
    "r2": 0.9166,
    "trained_at": "2026-04-04",